idx,kind,cycles
0,valid,65445
1,invalid,64506
2,valid,64303
3,invalid,64201
4,valid,64222
5,invalid,64256
6,valid,64226
7,invalid,64224
8,valid,64251
9,invalid,64239
10,valid,64194
11,invalid,64231
12,valid,64369
13,invalid,64297
14,valid,64234
15,invalid,64236
16,valid,64591
17,invalid,64371
18,valid,64243
19,invalid,64414
20,valid,64227
21,invalid,64261
22,valid,64369
23,invalid,64457
24,valid,64188
25,invalid,64257
26,valid,64178
27,invalid,64259
28,valid,64315
29,invalid,64669
30,valid,64277
31,invalid,64175
32,valid,64278
33,invalid,64218
34,valid,64197
35,invalid,64261
36,valid,64237
37,invalid,64242
38,valid,64225
39,invalid,64208
40,valid,64258
41,invalid,64249
42,valid,64416
43,invalid,64242
44,valid,64286
45,invalid,64807
46,valid,66513
47,invalid,64296
48,valid,65000
49,invalid,64202
50,valid,65175
51,invalid,64242
52,valid,64313
53,invalid,64356
54,valid,64324
55,invalid,64265
56,valid,64307
57,invalid,64302
58,valid,66687
59,invalid,64497
60,valid,64207
61,invalid,64263
62,valid,64309
63,invalid,64268
64,valid,64252
65,invalid,64286
66,valid,64260
67,invalid,64316
68,valid,64275
69,invalid,64204
70,valid,64311
71,invalid,64275
72,valid,64235
73,invalid,64275
74,valid,64233
75,invalid,64198
76,valid,64238
77,invalid,64296
78,valid,64213
79,invalid,64357
80,valid,64282
81,invalid,64283
82,valid,64252
83,invalid,64342
84,valid,64223
85,invalid,64341
86,valid,64450
87,invalid,64281
88,valid,64318
89,invalid,64342
90,valid,64266
91,invalid,64365
92,valid,64255
93,invalid,64278
94,valid,64257
95,invalid,64378
96,valid,64329
97,invalid,64283
98,valid,64301
99,invalid,64367
100,valid,64289
101,invalid,64300
102,valid,64221
103,invalid,64341
104,valid,64242
105,invalid,64307
106,valid,64259
107,invalid,64290
108,valid,64248
109,invalid,64333
110,valid,64261
111,invalid,64280
112,valid,64236
113,invalid,64260
114,valid,64268
115,invalid,64283
116,valid,64257
117,invalid,64220
118,valid,64297
119,invalid,64283
120,valid,64444
121,invalid,64211
122,valid,64259
123,invalid,64265
124,valid,64247
125,invalid,64439
126,valid,64305
127,invalid,64334
128,valid,64323
129,invalid,64337
130,valid,66638
131,invalid,64280
132,valid,64372
133,invalid,64269
134,valid,64289
135,invalid,64294
136,valid,64301
137,invalid,64359
138,valid,64240
139,invalid,64335
140,valid,64265
141,invalid,64249
142,valid,64833
143,invalid,64410
144,valid,65112
145,invalid,64308
146,valid,64295
147,invalid,64281
148,valid,64326
149,invalid,64196
150,valid,64258
151,invalid,64251
152,valid,64247
153,invalid,64259
154,valid,64300
155,invalid,64379
156,valid,64229
157,invalid,64342
158,valid,64271
159,invalid,64246
160,valid,64298
161,invalid,64247
162,valid,64255
163,invalid,64278
164,valid,64212
165,invalid,64267
166,valid,64261
167,invalid,64364
168,valid,64270
169,invalid,64311
170,valid,64313
171,invalid,64307
172,valid,64354
173,invalid,64306
174,valid,64310
175,invalid,64563
176,valid,64229
177,invalid,64328
178,valid,64295
179,invalid,64290
180,valid,64264
181,invalid,64265
182,valid,64296
183,invalid,64270
184,valid,64330
185,invalid,64250
186,valid,65700
187,invalid,64264
188,valid,64278
189,invalid,65024
190,valid,64551
191,invalid,64206
192,valid,64234
193,invalid,64301
194,valid,64259
195,invalid,64310
196,valid,64221
197,invalid,64152
198,valid,64271
199,invalid,64325
200,valid,64223
201,invalid,64191
202,valid,64248
203,invalid,64238
204,valid,64228
205,invalid,64208
206,valid,64262
207,invalid,64171
208,valid,64275
209,invalid,64243
210,valid,64245
211,invalid,64247
212,valid,64329
213,invalid,64308
214,valid,64303
215,invalid,64351
216,valid,64270
217,invalid,64325
218,valid,64295
219,invalid,64213
220,valid,65332
221,invalid,64210
222,valid,64270
223,invalid,64253
224,valid,64285
225,invalid,64249
226,valid,64246
227,invalid,64231
228,valid,64469
229,invalid,64276
230,valid,65560
231,invalid,64224
232,valid,64462
233,invalid,64181
234,valid,64240
235,invalid,64212
236,valid,64540
237,invalid,64203
238,valid,64259
239,invalid,64195
240,valid,64225
241,invalid,64184
242,valid,64444
243,invalid,64168
244,valid,64216
245,invalid,64219
246,valid,64257
247,invalid,65635
248,valid,64342
249,invalid,64243
250,valid,64269
251,invalid,64243
252,valid,64278
253,invalid,64522
254,valid,64279
255,invalid,64262
256,valid,64603
257,invalid,64268
258,valid,64519
259,invalid,64265
260,valid,64290
261,invalid,64237
262,valid,64241
263,invalid,64349
264,valid,64227
265,invalid,64236
266,valid,64959
267,invalid,64297
268,valid,64229
269,invalid,64298
270,valid,64264
271,invalid,64176
272,valid,64289
273,invalid,64206
274,valid,64305
275,invalid,64184
276,valid,64269
277,invalid,64245
278,valid,64270
279,invalid,64231
280,valid,64198
281,invalid,64217
282,valid,64261
283,invalid,64334
284,valid,64249
285,invalid,64291
286,valid,64179
287,invalid,64244
288,valid,64206
289,invalid,64228
290,valid,64261
291,invalid,64267
292,valid,64201
293,invalid,64259
294,valid,64293
295,invalid,64252
296,valid,64301
297,invalid,64302
298,valid,64283
299,invalid,64609
300,valid,64268
301,invalid,64492
302,valid,64282
303,invalid,64258
304,valid,64310
305,invalid,64223
306,valid,64319
307,invalid,64288
308,valid,64263
309,invalid,64257
310,valid,64266
311,invalid,64277
312,valid,64284
313,invalid,64268
314,valid,64319
315,invalid,64280
316,valid,64239
317,invalid,64239
318,valid,64246
319,invalid,64295
320,valid,64866
321,invalid,64269
322,valid,64329
323,invalid,64237
324,valid,64224
325,invalid,64240
326,valid,64258
327,invalid,64175
328,valid,64171
329,invalid,64217
330,valid,64254
331,invalid,64269
332,valid,64643
333,invalid,64296
334,valid,64197
335,invalid,64278
336,valid,64248
337,invalid,64300
338,valid,64326
339,invalid,64260
340,valid,65706
341,invalid,64441
342,valid,64785
343,invalid,64928
344,valid,64248
345,invalid,64287
346,valid,64281
347,invalid,64282
348,valid,64260
349,invalid,64293
350,valid,64240
351,invalid,64296
352,valid,64247
353,invalid,64315
354,valid,64254
355,invalid,64256
356,valid,64537
357,invalid,64343
358,valid,64610
359,invalid,64337
360,valid,64224
361,invalid,64221
362,valid,64193
363,invalid,64289
364,valid,64890
365,invalid,64237
366,valid,64262
367,invalid,64195
368,valid,64255
369,invalid,64214
370,valid,64876
371,invalid,64192
372,valid,64515
373,invalid,64276
374,valid,64226
375,invalid,64269
376,valid,64280
377,invalid,64371
378,valid,64272
379,invalid,64292
380,valid,64762
381,invalid,64233
382,valid,65418
383,invalid,64214
384,valid,64275
385,invalid,65511
386,valid,66089
387,invalid,64444
388,valid,64436
389,invalid,64265
390,valid,64327
391,invalid,64261
392,valid,64238
393,invalid,64335
394,valid,64231
395,invalid,64360
396,valid,64301
397,invalid,64309
398,valid,64242
399,invalid,64241
400,valid,64386
401,invalid,64332
402,valid,64260
403,invalid,64403
404,valid,64227
405,invalid,64292
406,valid,64247
407,invalid,64272
408,valid,64267
409,invalid,64254
410,valid,64216
411,invalid,64273
412,valid,64318
413,invalid,64231
414,valid,64323
415,invalid,64272
416,valid,64258
417,invalid,64352
418,valid,64251
419,invalid,64265
420,valid,64205
421,invalid,64284
422,valid,64238
423,invalid,64277
424,valid,64240
425,invalid,64212
426,valid,64294
427,invalid,66090
428,valid,64329
429,invalid,64465
430,valid,64312
431,invalid,64319
432,valid,64702
433,invalid,64287
434,valid,64254
435,invalid,64297
436,valid,64529
437,invalid,64325
438,valid,64558
439,invalid,64322
440,valid,64255
441,invalid,64297
442,valid,64264
443,invalid,65144
444,valid,64196
445,invalid,64374
446,valid,64260
447,invalid,64267
448,valid,64479
449,invalid,64294
450,valid,64168
451,invalid,64255
452,valid,64212
453,invalid,64217
454,valid,64269
455,invalid,64212
456,valid,64234
457,invalid,64235
458,valid,64249
459,invalid,64266
460,valid,64205
461,invalid,64237
462,valid,64208
463,invalid,64269
464,valid,64315
465,invalid,64289
466,valid,64283
467,invalid,64228
468,valid,64349
469,invalid,64350
470,valid,64566
471,invalid,64283
472,valid,64314
473,invalid,64287
474,valid,64318
475,invalid,64275
476,valid,66201
477,invalid,64693
478,valid,64268
479,invalid,64280
480,valid,64273
481,invalid,64292
482,valid,64229
483,invalid,64218
484,valid,64269
485,invalid,64311
486,valid,65368
487,invalid,64221
488,valid,65424
489,invalid,64275
490,valid,64272
491,invalid,64238
492,valid,64217
493,invalid,64259
494,valid,64293
495,invalid,64317
496,valid,65034
497,invalid,64276
498,valid,64169
499,invalid,64256
500,valid,64193
501,invalid,64306
502,valid,64159
503,invalid,64226
504,valid,64264
505,invalid,64395
506,valid,64178
507,invalid,64225
508,valid,64183
509,invalid,64244
510,valid,64275
511,invalid,64295
512,valid,64264
513,invalid,64326
514,valid,65234
515,invalid,64552
516,valid,64483
517,invalid,64339
518,valid,64216
519,invalid,64242
520,valid,64233
521,invalid,64247
522,valid,64245
523,invalid,64344
524,valid,64243
525,invalid,64292
526,valid,64242
527,invalid,64223
528,valid,64417
529,invalid,64211
530,valid,64213
531,invalid,64265
532,valid,64259
533,invalid,64266
534,valid,64154
535,invalid,64228
536,valid,64239
537,invalid,64258
538,valid,64193
539,invalid,64226
540,valid,64242
541,invalid,64182
542,valid,64226
543,invalid,64169
544,valid,64251
545,invalid,64182
546,valid,64247
547,invalid,64171
548,valid,64221
549,invalid,64208
550,valid,64261
551,invalid,64265
552,valid,64282
553,invalid,64330
554,valid,64267
555,invalid,64408
556,valid,65050
557,invalid,64266
558,valid,64235
559,invalid,64226
560,valid,64263
561,invalid,64219
562,valid,64318
563,invalid,64286
564,valid,64252
565,invalid,64239
566,valid,64233
567,invalid,64235
568,valid,64211
569,invalid,64253
570,valid,64273
571,invalid,64313
572,valid,64427
573,invalid,64320
574,valid,64263
575,invalid,64274
576,valid,64258
577,invalid,64250
578,valid,64280
579,invalid,64208
580,valid,64246
581,invalid,64273
582,valid,64224
583,invalid,64225
584,valid,64211
585,invalid,64253
586,valid,64247
587,invalid,64232
588,valid,64225
589,invalid,64233
590,valid,64254
591,invalid,64279
592,valid,64243
593,invalid,64254
594,valid,64219
595,invalid,64297
596,valid,64277
597,invalid,64292
598,valid,66012
599,invalid,64315
600,valid,64296
601,invalid,64299
602,valid,64201
603,invalid,64274
604,valid,64213
605,invalid,64355
606,valid,64190
607,invalid,64238
608,valid,64230
609,invalid,64316
610,valid,64250
611,invalid,64314
612,valid,65605
613,invalid,64300
614,valid,64490
615,invalid,64268
616,valid,65244
617,invalid,64250
618,valid,64841
619,invalid,65463
620,valid,66030
621,invalid,64298
622,valid,64778
623,invalid,64288
624,valid,64215
625,invalid,64313
626,valid,64276
627,invalid,64299
628,valid,64268
629,invalid,64324
630,valid,64261
631,invalid,64288
632,valid,64459
633,invalid,64261
634,valid,64469
635,invalid,64273
636,valid,64250
637,invalid,64272
638,valid,64290
639,invalid,64374
640,valid,64314
641,invalid,64358
642,valid,64262
643,invalid,64281
644,valid,64342
645,invalid,64303
646,valid,64477
647,invalid,64234
648,valid,64280
649,invalid,64302
650,valid,64293
651,invalid,64380
652,valid,64273
653,invalid,64216
654,valid,64281
655,invalid,64246
656,valid,64268
657,invalid,64315
658,valid,64229
659,invalid,64262
660,valid,64329
661,invalid,64332
662,valid,64271
663,invalid,64259
664,valid,64232
665,invalid,64237
666,valid,64234
667,invalid,64299
668,valid,64436
669,invalid,64277
670,valid,64209
671,invalid,64303
672,valid,64203
673,invalid,64241
674,valid,64250
675,invalid,64238
676,valid,64227
677,invalid,64334
678,valid,64265
679,invalid,64234
680,valid,64244
681,invalid,64240
682,valid,64258
683,invalid,64328
684,valid,65294
685,invalid,65042
686,valid,64519
687,invalid,64561
688,valid,64318
689,invalid,64192
690,valid,64268
691,invalid,64280
692,valid,64186
693,invalid,64253
694,valid,64209
695,invalid,64334
696,valid,64267
697,invalid,64336
698,valid,64253
699,invalid,64288
700,valid,64232
701,invalid,64289
702,valid,64263
703,invalid,64263
704,valid,64263
705,invalid,64261
706,valid,64243
707,invalid,64218
708,valid,64230
709,invalid,64257
710,valid,64255
711,invalid,64243
712,valid,64259
713,invalid,64247
714,valid,64229
715,invalid,64235
716,valid,64233
717,invalid,64280
718,valid,64262
719,invalid,64224
720,valid,64251
721,invalid,64225
722,valid,64265
723,invalid,64271
724,valid,64278
725,invalid,64298
726,valid,64389
727,invalid,64365
728,valid,64250
729,invalid,64856
730,valid,64227
731,invalid,64266
732,valid,64900
733,invalid,64332
734,valid,64269
735,invalid,64273
736,valid,64207
737,invalid,64320
738,valid,64211
739,invalid,64254
740,valid,64187
741,invalid,64267
742,valid,64232
743,invalid,64232
744,valid,64233
745,invalid,64285
746,valid,64230
747,invalid,64296
748,valid,64275
749,invalid,64273
750,valid,64377
751,invalid,64243
752,valid,64209
753,invalid,64250
754,valid,64220
755,invalid,64277
756,valid,64230
757,invalid,64297
758,valid,64225
759,invalid,64310
760,valid,64248
761,invalid,64280
762,valid,64706
763,invalid,64299
764,valid,64268
765,invalid,64204
766,valid,64263
767,invalid,64197
768,valid,64336
769,invalid,64785
770,valid,64964
771,invalid,64214
772,valid,64251
773,invalid,64236
774,valid,64244
775,invalid,64248
776,valid,64270
777,invalid,64226
778,valid,64233
779,invalid,64276
780,valid,64255
781,invalid,64377
782,valid,64281
783,invalid,64265
784,valid,64278
785,invalid,64240
786,valid,64304
787,invalid,64354
788,valid,64565
789,invalid,64217
790,valid,64248
791,invalid,64235
792,valid,64222
793,invalid,64231
794,valid,64240
795,invalid,64239
796,valid,64271
797,invalid,64266
798,valid,64225
799,invalid,64246
800,valid,66399
801,invalid,64302
802,valid,65277
803,invalid,64486
804,valid,64229
805,invalid,64235
806,valid,64744
807,invalid,64235
808,valid,64232
809,invalid,64374
810,valid,64269
811,invalid,64292
812,valid,65194
813,invalid,64275
814,valid,64446
815,invalid,64196
816,valid,64243
817,invalid,64233
818,valid,64220
819,invalid,64243
820,valid,64277
821,invalid,64232
822,valid,65785
823,invalid,64198
824,valid,64463
825,invalid,64277
826,valid,64246
827,invalid,64273
828,valid,64182
829,invalid,64233
830,valid,64945
831,invalid,64230
832,valid,64160
833,invalid,64236
834,valid,64252
835,invalid,64207
836,valid,64163
837,invalid,64202
838,valid,64177
839,invalid,64221
840,valid,64201
841,invalid,64191
842,valid,64226
843,invalid,64230
844,valid,64156
845,invalid,64192
846,valid,64259
847,invalid,64245
848,valid,64178
849,invalid,64288
850,valid,64228
851,invalid,64210
852,valid,64295
853,invalid,64270
854,valid,64278
855,invalid,64376
856,valid,64237
857,invalid,64212
858,valid,64204
859,invalid,64283
860,valid,64298
861,invalid,64279
862,valid,64323
863,invalid,64261
864,valid,64206
865,invalid,64268
866,valid,64260
867,invalid,64212
868,valid,64848
869,invalid,64223
870,valid,64270
871,invalid,64164
872,valid,64241
873,invalid,64229
874,valid,64283
875,invalid,64193
876,valid,64423
877,invalid,64227
878,valid,64233
879,invalid,64262
880,valid,64347
881,invalid,64142
882,valid,64230
883,invalid,64193
884,valid,64284
885,invalid,64240
886,valid,64259
887,invalid,64273
888,valid,64190
889,invalid,64377
890,valid,64269
891,invalid,64255
892,valid,64234
893,invalid,64212
894,valid,65031
895,invalid,64331
896,valid,64270
897,invalid,64204
898,valid,64338
899,invalid,64294
900,valid,64260
901,invalid,64278
902,valid,64215
903,invalid,64214
904,valid,64412
905,invalid,64196
906,valid,64624
907,invalid,64293
908,valid,64279
909,invalid,64227
910,valid,64259
911,invalid,64249
912,valid,64255
913,invalid,64306
914,valid,64304
915,invalid,64232
916,valid,64243
917,invalid,64295
918,valid,64256
919,invalid,64380
920,valid,64223
921,invalid,64227
922,valid,64202
923,invalid,64207
924,valid,64202
925,invalid,64313
926,valid,64210
927,invalid,64231
928,valid,64237
929,invalid,64232
930,valid,64217
931,invalid,64278
932,valid,64216
933,invalid,64275
934,valid,64219
935,invalid,64270
936,valid,64227
937,invalid,64259
938,valid,64278
939,invalid,65120
940,valid,64266
941,invalid,65761
942,valid,64253
943,invalid,65298
944,valid,64234
945,invalid,64285
946,valid,64240
947,invalid,64249
948,valid,64212
949,invalid,64223
950,valid,64204
951,invalid,64260
952,valid,64157
953,invalid,64362
954,valid,64264
955,invalid,64247
956,valid,64249
957,invalid,64313
958,valid,64228
959,invalid,64246
960,valid,64242
961,invalid,64226
962,valid,64241
963,invalid,64248
964,valid,65092
965,invalid,64179
966,valid,64530
967,invalid,64138
968,valid,64253
969,invalid,64212
970,valid,64840
971,invalid,64198
972,valid,64238
973,invalid,64220
974,valid,64180
975,invalid,64254
976,valid,64196
977,invalid,64291
978,valid,64200
979,invalid,64272
980,valid,64259
981,invalid,64314
982,valid,64251
983,invalid,64228
984,valid,64247
985,invalid,64267
986,valid,64282
987,invalid,64182
988,valid,64271
989,invalid,64217
990,valid,64216
991,invalid,64185
992,valid,64232
993,invalid,64189
994,valid,64260
995,invalid,64215
996,valid,64231
997,invalid,64314
998,valid,64241
999,invalid,64167
1000,valid,65036
1001,invalid,64130
1002,valid,65543
1003,invalid,64155
1004,valid,64148
1005,invalid,64232
1006,valid,64183
1007,invalid,64317
1008,valid,64212
1009,invalid,64272
1010,valid,64205
1011,invalid,64193
1012,valid,64218
1013,invalid,64240
1014,valid,64202
1015,invalid,64259
1016,valid,64218
1017,invalid,64187
1018,valid,64183
1019,invalid,64201
1020,valid,64242
1021,invalid,64220
1022,valid,64243
1023,invalid,64289
1024,valid,64312
1025,invalid,64268
1026,valid,64230
1027,invalid,64251
1028,valid,64240
1029,invalid,64250
1030,valid,64230
1031,invalid,64205
1032,valid,64260
1033,invalid,64202
1034,valid,64264
1035,invalid,64220
1036,valid,64275
1037,invalid,64247
1038,valid,64223
1039,invalid,64505
1040,valid,65186
1041,invalid,64269
1042,valid,64189
1043,invalid,64226
1044,valid,64218
1045,invalid,64184
1046,valid,64233
1047,invalid,64225
1048,valid,64195
1049,invalid,64207
1050,valid,64759
1051,invalid,64267
1052,valid,64195
1053,invalid,64253
1054,valid,64213
1055,invalid,64254
1056,valid,64190
1057,invalid,64476
1058,valid,65024
1059,invalid,64261
1060,valid,64450
1061,invalid,64203
1062,valid,64234
1063,invalid,64233
1064,valid,64235
1065,invalid,64229
1066,valid,64290
1067,invalid,64525
1068,valid,64211
1069,invalid,66306
1070,valid,64266
1071,invalid,64267
1072,valid,64240
1073,invalid,64232
1074,valid,65446
1075,invalid,64219
1076,valid,64242
1077,invalid,64457
1078,valid,64263
1079,invalid,64258
1080,valid,64203
1081,invalid,64242
1082,valid,64325
1083,invalid,64209
1084,valid,64217
1085,invalid,64240
1086,valid,64724
1087,invalid,64233
1088,valid,64266
1089,invalid,64183
1090,valid,64685
1091,invalid,64206
1092,valid,64500
1093,invalid,64512
1094,valid,64212
1095,invalid,64211
1096,valid,64233
1097,invalid,64227
1098,valid,64380
1099,invalid,64222
1100,valid,64240
1101,invalid,64496
1102,valid,64226
1103,invalid,64195
1104,valid,64193
1105,invalid,64258
1106,valid,64222
1107,invalid,64173
1108,valid,64258
1109,invalid,64245
1110,valid,64218
1111,invalid,64223
1112,valid,64209
1113,invalid,65430
1114,valid,64297
1115,invalid,64291
1116,valid,64246
1117,invalid,64226
1118,valid,64234
1119,invalid,64221
1120,valid,65611
1121,invalid,64272
1122,valid,65267
1123,invalid,64176
1124,valid,64189
1125,invalid,64395
1126,valid,64907
1127,invalid,64214
1128,valid,64265
1129,invalid,64227
1130,valid,64234
1131,invalid,64229
1132,valid,65033
1133,invalid,64190
1134,valid,64284
1135,invalid,64170
1136,valid,64526
1137,invalid,64214
1138,valid,64210
1139,invalid,64295
1140,valid,64186
1141,invalid,64262
1142,valid,65727
1143,invalid,64276
1144,valid,64461
1145,invalid,64186
1146,valid,64190
1147,invalid,64306
1148,valid,64247
1149,invalid,64256
1150,valid,64268
1151,invalid,64722
1152,valid,64303
1153,invalid,64319
1154,valid,64275
1155,invalid,64787
1156,valid,64407
1157,invalid,64261
1158,valid,64200
1159,invalid,64255
1160,valid,64210
1161,invalid,64271
1162,valid,64248
1163,invalid,64265
1164,valid,64286
1165,invalid,64227
1166,valid,64223
1167,invalid,64240
1168,valid,64393
1169,invalid,64275
1170,valid,64201
1171,invalid,64194
1172,valid,64223
1173,invalid,65452
1174,valid,64234
1175,invalid,64230
1176,valid,64160
1177,invalid,64252
1178,valid,64212
1179,invalid,64198
1180,valid,64183
1181,invalid,64255
1182,valid,64299
1183,invalid,64256
1184,valid,64215
1185,invalid,64213
1186,valid,64197
1187,invalid,64201
1188,valid,64229
1189,invalid,64274
1190,valid,64186
1191,invalid,64248
1192,valid,64539
1193,invalid,64228
1194,valid,64732
1195,invalid,64314
1196,valid,64275
1197,invalid,65094
1198,valid,64258
1199,invalid,65388
1200,valid,64389
1201,invalid,64183
1202,valid,64238
1203,invalid,64204
1204,valid,64208
1205,invalid,64228
1206,valid,64315
1207,invalid,64238
1208,valid,64217
1209,invalid,64222
1210,valid,64779
1211,invalid,64204
1212,valid,64265
1213,invalid,64215
1214,valid,64230
1215,invalid,64224
1216,valid,64156
1217,invalid,64175
1218,valid,64227
1219,invalid,64192
1220,valid,64224
1221,invalid,64266
1222,valid,64184
1223,invalid,64193
1224,valid,64163
1225,invalid,64256
1226,valid,64179
1227,invalid,64196
1228,valid,64859
1229,invalid,64223
1230,valid,64200
1231,invalid,64273
1232,valid,64171
1233,invalid,64325
1234,valid,64203
1235,invalid,64322
1236,valid,64436
1237,invalid,64261
1238,valid,65632
1239,invalid,64213
1240,valid,64152
1241,invalid,64217
1242,valid,64235
1243,invalid,64266
1244,valid,64236
1245,invalid,64226
1246,valid,64238
1247,invalid,64150
1248,valid,64236
1249,invalid,64285
1250,valid,64258
1251,invalid,64257
1252,valid,64218
1253,invalid,64609
1254,valid,64308
1255,invalid,64195
1256,valid,64239
1257,invalid,64189
1258,valid,64233
1259,invalid,64157
1260,valid,64662
1261,invalid,64508
1262,valid,64176
1263,invalid,64185
1264,valid,64221
1265,invalid,64207
1266,valid,64253
1267,invalid,64245
1268,valid,64179
1269,invalid,64146
1270,valid,64463
1271,invalid,64183
1272,valid,64202
1273,invalid,64304
1274,valid,64202
1275,invalid,64480
1276,valid,64162
1277,invalid,64215
1278,valid,64242
1279,invalid,65845
1280,valid,64237
1281,invalid,64814
1282,valid,64310
1283,invalid,64201
1284,valid,64235
1285,invalid,64214
1286,valid,64248
1287,invalid,64253
1288,valid,64239
1289,invalid,64254
1290,valid,64265
1291,invalid,64307
1292,valid,64232
1293,invalid,64194
1294,valid,64239
1295,invalid,64298
1296,valid,64208
1297,invalid,64277
1298,valid,64199
1299,invalid,64239
1300,valid,64205
1301,invalid,64268
1302,valid,64246
1303,invalid,64335
1304,valid,64211
1305,invalid,64281
1306,valid,64193
1307,invalid,64282
1308,valid,64189
1309,invalid,64307
1310,valid,64252
1311,invalid,64233
1312,valid,64165
1313,invalid,64214
1314,valid,64238
1315,invalid,64237
1316,valid,64224
1317,invalid,64238
1318,valid,64208
1319,invalid,64252
1320,valid,64270
1321,invalid,64430
1322,valid,64247
1323,invalid,64652
1324,valid,64842
1325,invalid,64267
1326,valid,64223
1327,invalid,64221
1328,valid,64145
1329,invalid,64217
1330,valid,64252
1331,invalid,64343
1332,valid,64213
1333,invalid,64171
1334,valid,64289
1335,invalid,64342
1336,valid,64181
1337,invalid,64554
1338,valid,64409
1339,invalid,64201
1340,valid,64293
1341,invalid,64228
1342,valid,64223
1343,invalid,64226
1344,valid,64245
1345,invalid,64190
1346,valid,64242
1347,invalid,64244
1348,valid,64561
1349,invalid,64216
1350,valid,64227
1351,invalid,64206
1352,valid,64286
1353,invalid,64222
1354,valid,64221
1355,invalid,64259
1356,valid,64299
1357,invalid,64188
1358,valid,64539
1359,invalid,64201
1360,valid,64228
1361,invalid,64354
1362,valid,64275
1363,invalid,64295
1364,valid,64262
1365,invalid,64244
1366,valid,65625
1367,invalid,65915
1368,valid,65568
1369,invalid,64218
1370,valid,64243
1371,invalid,64233
1372,valid,64237
1373,invalid,64255
1374,valid,64898
1375,invalid,64160
1376,valid,64246
1377,invalid,64208
1378,valid,64292
1379,invalid,64453
1380,valid,64254
1381,invalid,64222
1382,valid,65932
1383,invalid,64267
1384,valid,64263
1385,invalid,64226
1386,valid,64227
1387,invalid,64203
1388,valid,64220
1389,invalid,64233
1390,valid,64213
1391,invalid,64251
1392,valid,64190
1393,invalid,64207
1394,valid,64247
1395,invalid,64211
1396,valid,64230
1397,invalid,64249
1398,valid,64243
1399,invalid,64198
1400,valid,64184
1401,invalid,64224
1402,valid,64570
1403,invalid,64255
1404,valid,64232
1405,invalid,64175
1406,valid,65912
1407,invalid,64550
1408,valid,64265
1409,invalid,66159
1410,valid,64247
1411,invalid,64927
1412,valid,64254
1413,invalid,64446
1414,valid,65636
1415,invalid,64228
1416,valid,64419
1417,invalid,64685
1418,valid,64557
1419,invalid,64228
1420,valid,64216
1421,invalid,64212
1422,valid,64273
1423,invalid,64230
1424,valid,64270
1425,invalid,64198
1426,valid,65011
1427,invalid,65211
1428,valid,64792
1429,invalid,64182
1430,valid,64242
1431,invalid,64171
1432,valid,64288
1433,invalid,64234
1434,valid,64216
1435,invalid,64232
1436,valid,64207
1437,invalid,64171
1438,valid,64208
1439,invalid,64203
1440,valid,64213
1441,invalid,64199
1442,valid,64371
1443,invalid,64168
1444,valid,64302
1445,invalid,64244
1446,valid,64305
1447,invalid,64291
1448,valid,64228
1449,invalid,64237
1450,valid,64237
1451,invalid,64572
1452,valid,67353
1453,invalid,64263
1454,valid,64206
1455,invalid,64200
1456,valid,64207
1457,invalid,64255
1458,valid,64253
1459,invalid,64317
1460,valid,65469
1461,invalid,64300
1462,valid,64419
1463,invalid,64230
1464,valid,64612
1465,invalid,64293
1466,valid,64293
1467,invalid,64275
1468,valid,65228
1469,invalid,64271
1470,valid,64514
1471,invalid,64243
1472,valid,64186
1473,invalid,64230
1474,valid,64181
1475,invalid,64169
1476,valid,64215
1477,invalid,64198
1478,valid,64212
1479,invalid,64248
1480,valid,64209
1481,invalid,64641
1482,valid,64942
1483,invalid,64352
1484,valid,64215
1485,invalid,64209
1486,valid,64205
1487,invalid,64229
1488,valid,64300
1489,invalid,64281
1490,valid,64187
1491,invalid,64216
1492,valid,65986
1493,invalid,64300
1494,valid,65500
1495,invalid,66255
1496,valid,64194
1497,invalid,64203
1498,valid,64239
1499,invalid,64243
1500,valid,64728
1501,invalid,64275
1502,valid,64237
1503,invalid,64303
1504,valid,64239
1505,invalid,64171
1506,valid,64212
1507,invalid,64230
1508,valid,64210
1509,invalid,64296
1510,valid,64319
1511,invalid,64216
1512,valid,64216
1513,invalid,64286
1514,valid,64236
1515,invalid,64174
1516,valid,64205
1517,invalid,64200
1518,valid,64214
1519,invalid,64235
1520,valid,64177
1521,invalid,64223
1522,valid,64214
1523,invalid,64171
1524,valid,64189
1525,invalid,64309
1526,valid,64237
1527,invalid,64239
1528,valid,64196
1529,invalid,64234
1530,valid,64211
1531,invalid,64291
1532,valid,65521
1533,invalid,64158
1534,valid,64252
1535,invalid,64207
1536,valid,65565
1537,invalid,65929
1538,valid,65200
1539,invalid,65174
1540,valid,64280
1541,invalid,64247
1542,valid,64262
1543,invalid,64191
1544,valid,64264
1545,invalid,64127
1546,valid,64192
1547,invalid,64173
1548,valid,64264
1549,invalid,64221
1550,valid,64310
1551,invalid,64189
1552,valid,64241
1553,invalid,64192
1554,valid,64269
1555,invalid,64185
1556,valid,64227
1557,invalid,64223
1558,valid,64245
1559,invalid,64200
1560,valid,64198
1561,invalid,64154
1562,valid,64208
1563,invalid,64171
1564,valid,64234
1565,invalid,64147
1566,valid,64172
1567,invalid,64154
1568,valid,64199
1569,invalid,64225
1570,valid,64204
1571,invalid,64206
1572,valid,64219
1573,invalid,64224
1574,valid,64375
1575,invalid,64194
1576,valid,64275
1577,invalid,64218
1578,valid,64251
1579,invalid,65246
1580,valid,64255
1581,invalid,66825
1582,valid,64257
1583,invalid,64237
1584,valid,64194
1585,invalid,64225
1586,valid,64197
1587,invalid,64228
1588,valid,64210
1589,invalid,64191
1590,valid,64174
1591,invalid,64225
1592,valid,64281
1593,invalid,64233
1594,valid,64216
1595,invalid,64238
1596,valid,64486
1597,invalid,64176
1598,valid,64183
1599,invalid,64147
1600,valid,64258
1601,invalid,64195
1602,valid,64230
1603,invalid,64852
1604,valid,64392
1605,invalid,64242
1606,valid,64260
1607,invalid,64197
1608,valid,64211
1609,invalid,64190
1610,valid,64293
1611,invalid,64201
1612,valid,64162
1613,invalid,64411
1614,valid,64261
1615,invalid,64178
1616,valid,64206
1617,invalid,64204
1618,valid,64215
1619,invalid,64218
1620,valid,64278
1621,invalid,64266
1622,valid,64234
1623,invalid,64233
1624,valid,64219
1625,invalid,64885
1626,valid,64481
1627,invalid,64273
1628,valid,64332
1629,invalid,64231
1630,valid,64244
1631,invalid,64282
1632,valid,64265
1633,invalid,64393
1634,valid,64215
1635,invalid,64239
1636,valid,64226
1637,invalid,64295
1638,valid,64422
1639,invalid,64244
1640,valid,64262
1641,invalid,64218
1642,valid,64253
1643,invalid,64213
1644,valid,64265
1645,invalid,64279
1646,valid,64218
1647,invalid,64257
1648,valid,64216
1649,invalid,64259
1650,valid,64262
1651,invalid,64264
1652,valid,64327
1653,invalid,64259
1654,valid,64836
1655,invalid,64271
1656,valid,64266
1657,invalid,64215
1658,valid,64363
1659,invalid,64228
1660,valid,64230
1661,invalid,64158
1662,valid,64341
1663,invalid,64232
1664,valid,66798
1665,invalid,65345
1666,valid,64225
1667,invalid,65366
1668,valid,64233
1669,invalid,64240
1670,valid,64244
1671,invalid,64290
1672,valid,64256
1673,invalid,64249
1674,valid,64229
1675,invalid,64267
1676,valid,64305
1677,invalid,64202
1678,valid,64214
1679,invalid,64222
1680,valid,64212
1681,invalid,64212
1682,valid,64220
1683,invalid,64198
1684,valid,64267
1685,invalid,64183
1686,valid,64258
1687,invalid,64212
1688,valid,64194
1689,invalid,64191
1690,valid,64222
1691,invalid,64285
1692,valid,64272
1693,invalid,64192
1694,valid,64199
1695,invalid,64276
1696,valid,64239
1697,invalid,64208
1698,valid,64318
1699,invalid,64230
1700,valid,64201
1701,invalid,64228
1702,valid,64228
1703,invalid,64354
1704,valid,64214
1705,invalid,64267
1706,valid,64316
1707,invalid,64287
1708,valid,64253
1709,invalid,65723
1710,valid,64254
1711,invalid,64229
1712,valid,64831
1713,invalid,64266
1714,valid,64552
1715,invalid,64268
1716,valid,64183
1717,invalid,64214
1718,valid,64574
1719,invalid,64228
1720,valid,64214
1721,invalid,64935
1722,valid,64271
1723,invalid,64875
1724,valid,64225
1725,invalid,64254
1726,valid,64276
1727,invalid,64241
1728,valid,64232
1729,invalid,64204
1730,valid,64263
1731,invalid,64197
1732,valid,64378
1733,invalid,64217
1734,valid,64533
1735,invalid,64217
1736,valid,64247
1737,invalid,64244
1738,valid,64209
1739,invalid,64462
1740,valid,64240
1741,invalid,64233
1742,valid,64293
1743,invalid,64234
1744,valid,64217
1745,invalid,64325
1746,valid,64249
1747,invalid,64327
1748,valid,64306
1749,invalid,64251
1750,valid,64248
1751,invalid,64221
1752,valid,64552
1753,invalid,64252
1754,valid,64264
1755,invalid,64227
1756,valid,64215
1757,invalid,64215
1758,valid,64267
1759,invalid,64243
1760,valid,64308
1761,invalid,64198
1762,valid,64272
1763,invalid,64268
1764,valid,64285
1765,invalid,64256
1766,valid,64211
1767,invalid,64262
1768,valid,64215
1769,invalid,65693
1770,valid,64292
1771,invalid,64238
1772,valid,64315
1773,invalid,64250
1774,valid,64281
1775,invalid,64522
1776,valid,64345
1777,invalid,64331
1778,valid,65460
1779,invalid,64502
1780,valid,64259
1781,invalid,64278
1782,valid,64241
1783,invalid,64241
1784,valid,64196
1785,invalid,64234
1786,valid,64202
1787,invalid,64513
1788,valid,64298
1789,invalid,64214
1790,valid,64237
1791,invalid,64302
1792,valid,64302
1793,invalid,65592
1794,valid,64254
1795,invalid,64583
1796,valid,64249
1797,invalid,64229
1798,valid,64234
1799,invalid,64249
1800,valid,64386
1801,invalid,64207
1802,valid,64407
1803,invalid,64309
1804,valid,64424
1805,invalid,64246
1806,valid,64237
1807,invalid,64339
1808,valid,64414
1809,invalid,64250
1810,valid,64260
1811,invalid,64244
1812,valid,64251
1813,invalid,64226
1814,valid,64278
1815,invalid,64239
1816,valid,64221
1817,invalid,64228
1818,valid,64225
1819,invalid,64230
1820,valid,64388
1821,invalid,64216
1822,valid,64241
1823,invalid,64176
1824,valid,64189
1825,invalid,64192
1826,valid,64276
1827,invalid,64246
1828,valid,64211
1829,invalid,64195
1830,valid,64247
1831,invalid,64187
1832,valid,64241
1833,invalid,64291
1834,valid,64254
1835,invalid,64289
1836,valid,64227
1837,invalid,64287
1838,valid,64773
1839,invalid,64249
1840,valid,64227
1841,invalid,64213
1842,valid,64244
1843,invalid,64284
1844,valid,65299
1845,invalid,64248
1846,valid,64228
1847,invalid,64754
1848,valid,64199
1849,invalid,64275
1850,valid,64263
1851,invalid,64288
1852,valid,64210
1853,invalid,64420
1854,valid,64566
1855,invalid,64250
1856,valid,64574
1857,invalid,64250
1858,valid,64230
1859,invalid,64231
1860,valid,64190
1861,invalid,64267
1862,valid,64203
1863,invalid,64190
1864,valid,64211
1865,invalid,64215
1866,valid,64287
1867,invalid,64255
1868,valid,64204
1869,invalid,64222
1870,valid,64258
1871,invalid,64229
1872,valid,64196
1873,invalid,64263
1874,valid,64233
1875,invalid,64232
1876,valid,64233
1877,invalid,64315
1878,valid,64307
1879,invalid,65261
1880,valid,64242
1881,invalid,64319
1882,valid,64856
1883,invalid,64271
1884,valid,64206
1885,invalid,64310
1886,valid,64310
1887,invalid,64277
1888,valid,64282
1889,invalid,64268
1890,valid,64322
1891,invalid,64257
1892,valid,64229
1893,invalid,64249
1894,valid,64365
1895,invalid,64237
1896,valid,64261
1897,invalid,64223
1898,valid,64292
1899,invalid,64317
1900,valid,64263
1901,invalid,64275
1902,valid,64262
1903,invalid,64212
1904,valid,64224
1905,invalid,64242
1906,valid,64271
1907,invalid,64229
1908,valid,64237
1909,invalid,64264
1910,valid,64215
1911,invalid,64281
1912,valid,64191
1913,invalid,64832
1914,valid,64335
1915,invalid,64283
1916,valid,64228
1917,invalid,64284
1918,valid,64275
1919,invalid,64320
1920,valid,64351
1921,invalid,64287
1922,valid,64350
1923,invalid,64249
1924,valid,64236
1925,invalid,64236
1926,valid,64282
1927,invalid,64235
1928,valid,64310
1929,invalid,64247
1930,valid,64502
1931,invalid,64380
1932,valid,64257
1933,invalid,64281
1934,valid,64314
1935,invalid,64268
1936,valid,64302
1937,invalid,64329
1938,valid,64270
1939,invalid,64230
1940,valid,64248
1941,invalid,64210
1942,valid,64925
1943,invalid,64271
1944,valid,64554
1945,invalid,64262
1946,valid,64244
1947,invalid,64306
1948,valid,64278
1949,invalid,64331
1950,valid,64257
1951,invalid,64250
1952,valid,64903
1953,invalid,64280
1954,valid,64280
1955,invalid,64230
1956,valid,64251
1957,invalid,64264
1958,valid,64310
1959,invalid,64253
1960,valid,64232
1961,invalid,64327
1962,valid,64315
1963,invalid,64701
1964,valid,65228
1965,invalid,66204
1966,valid,64496
1967,invalid,64270
1968,valid,64348
1969,invalid,64196
1970,valid,64286
1971,invalid,64293
1972,valid,64969
1973,invalid,64282
1974,valid,64581
1975,invalid,64285
1976,valid,64220
1977,invalid,64278
1978,valid,66255
1979,invalid,64282
1980,valid,64287
1981,invalid,64264
1982,valid,64269
1983,invalid,64231
1984,valid,64303
1985,invalid,64262
1986,valid,64263
1987,invalid,64208
1988,valid,64260
1989,invalid,64186
1990,valid,64247
1991,invalid,64237
1992,valid,64223
1993,invalid,64284
1994,valid,64246
1995,invalid,64352
1996,valid,64402
1997,invalid,64230
1998,valid,64538
1999,invalid,64222
